Reservoir,Longitude_1,Latitude_1,Longitude_2,Latitude_2
Reservoir 1,103.3880548,36.12228251,103.3860743,36.12153083
Reservoir 2,100.831189,36.17941596,100.8320806,36.17703722
Reservoir 3,101.7569554,36.174457,101.7587886,36.17306687
Reservoir 3,101.7316901,36.1627906,101.7319417,36.16207756
Reservoir 3,101.7435966,36.15933579,101.7469889,36.15780829
Reservoir 4,103.1890313,35.97444916,103.1948144,35.97370529
Reservoir 4,103.235067,35.96061325,103.2388131,35.95859528
Reservoir 5,103.3479194,35.92288683,103.3497922,35.9192513
Reservoir 6,104.7840251,30.86483127,104.7834673,30.86374864
Reservoir 7,104.2513415,30.33057243,104.2543004,30.32894619
Reservoir 8,104.0421861,30.13606454,104.0442369,30.13413642
Reservoir 8,104.040722,30.05621123,104.0405581,30.05214722
Reservoir 9,104.9051656,29.56171047,104.9068231,29.56031942
Reservoir 10,103.4704283,29.32425863,103.4720806,29.32041389
Reservoir 11,103.6424713,29.19114515,103.6402278,29.18788189
Reservoir 12,90.58789304,29.18791945,90.58958154,29.1867749
Reservoir 12,90.67774927,29.05727871,90.6771046,29.0542237
Reservoir 12,90.71328611,28.94662767,90.71135882,28.94514974
Reservoir 12,90.62818499,28.88914395,90.62892216,28.88713671
Reservoir 12,90.61399099,28.8876652,90.61327403,28.88835402
Reservoir 12,90.58017589,28.81271145,90.58136248,28.8125
Reservoir 12,90.89731429,28.95497186,90.89761872,28.95263713
Reservoir 12,90.84760468,28.95290887,90.84591625,28.95434516
Reservoir 12,90.87693126,28.90117608,90.87759824,28.90031196
Reservoir 12,90.99247359,28.95722222,90.99450518,28.95954753
Reservoir 12,90.88509458,28.99487969,90.88330496,28.99692844
Reservoir 13,103.7947094,28.41319763,103.7954025,28.41070541
Reservoir 14,101.9541062,27.33687012,101.9537527,27.33539198
Reservoir 14,101.642891,26.96508355,101.6416319,26.9654088
Reservoir 14,101.5542902,26.92146729,101.5532385,26.92179009
Reservoir 14,101.4937872,26.89858263,101.4919661,26.89930013
Reservoir 15,103.4312812,26.37319092,103.4324715,26.37257785
Reservoir 16,103.7475041,25.46059462,103.7485422,25.46011827
Reservoir 17,104.1439103,25.33762392,104.1425771,25.33639671
Reservoir 18,101.4124,25.24204102,101.4123504,25.24120931
Reservoir 19,102.8647205,25.20895991,102.8643785,25.2066342
Reservoir 19,102.7909081,25.15739992,102.7919466,25.1563711
Reservoir 20,104.624268,24.89957358,104.6226229,24.8974984
Reservoir 21,100.3037652,24.76341933,100.3088087,24.76337534
Reservoir 22,119.6997195,42.74999729,119.7020003,42.748581
Reservoir 23,117.8465837,41.73531386,117.8475806,41.73496474
Reservoir 24,119.7652751,40.74502984,119.7624637,40.74029677
Reservoir 25,116.8725172,40.58729601,116.8761084,40.58622803
Reservoir 25,116.919292,40.51438015,116.9247169,40.5072168
Reservoir 25,116.9880153,40.52036621,116.9897384,40.51722765
Reservoir 25,116.9937835,40.51526747,116.9922119,40.51362142
Reservoir 25,116.9597017,40.50808133,116.9590057,40.51120822
Reservoir 25,116.9549122,40.51056071,116.9553682,40.51222683
Reservoir 25,116.9519598,40.51220676,116.9527625,40.51370633
Reservoir 25,116.961529,40.50970785,116.9631944,40.50958333
Reservoir 25,116.9588972,40.50407986,116.9586214,40.50139676
Reservoir 25,116.9594062,40.4995874,116.9580887,40.50028456
Reservoir 25,116.8955116,40.49001709,116.8965278,40.48875
Reservoir 25,116.9000103,40.46781223,116.9020833,40.46763889
Reservoir 26,118.9691848,40.47675483,118.9686241,40.4744553
Reservoir 27,116.6704129,40.40272461,116.6718243,40.40057183
Reservoir 28,118.3319925,40.44167426,118.3345318,40.44162218
Reservoir 29,116.6011483,40.33958279,116.6037501,40.3374452
Reservoir 30,106.9527941,40.20197301,106.9427811,40.19585504
Reservoir 31,115.886305,40.4645147,115.8858143,40.46361382
Reservoir 31,115.8687109,40.44884657,115.8682012,40.44686062
Reservoir 31,115.8747669,40.44601183,115.8761087,40.44555257
Reservoir 32,118.2716797,40.34144586,118.271122,40.33817708
Reservoir 32,118.281371,40.32192654,118.2820833,40.32152778
Reservoir 33,119.0575236,40.22850162,119.0558119,40.22587356
Reservoir 34,119.6702854,40.04707899,119.672564,40.04584093
Reservoir 35,117.5832007,40.07580669,117.5804715,40.06739828
Reservoir 36,118.1559446,40.01398546,118.160762,40.01360026
Reservoir 36,118.1719013,40.00125868,118.1734722,40.00097222
Reservoir 37,113.7036625,39.98496624,113.7113513,39.98156675
Reservoir 38,111.4116723,39.82520345,111.4093123,39.8228435
Reservoir 39,115.2161048,39.30493944,115.217225,39.3011388
Reservoir 40,114.8194255,38.82780694,114.8198611,38.82696113
Reservoir 40,114.7427957,38.75824707,114.7443056,38.75763889
Reservoir 40,114.7465413,38.74494073,114.7458485,38.74419298
Reservoir 40,114.7462712,38.73165636,114.743961,38.72889852
Reservoir 41,114.3691257,38.81220771,114.3742261,38.81130141
Reservoir 41,114.4427935,38.74795614,114.4436011,38.74748142
Reservoir 42,109.3198066,38.60171617,109.3250944,38.5997678
Reservoir 43,114.1564646,38.58048828,114.1559747,38.57905707
Reservoir 44,113.9986165,38.39125556,113.9998022,38.38944716
Reservoir 44,113.9778076,38.34499702,113.9795833,38.34486111
Reservoir 44,113.9823277,38.34553263,113.9814117,38.34387722
Reservoir 44,113.9839331,38.34304023,113.9814849,38.34160102
Reservoir 45,114.2376709,38.31876373,114.2450256,38.31194687
Reservoir 46,105.974906,37.82692771,105.9724983,37.82283458
Reservoir 47,109.0772806,36.94493605,109.0806222,36.94251169
Reservoir 48,112.7759041,36.59359185,112.7757937,36.59080431
Reservoir 48,112.8001975,36.5659337,112.8009722,36.56569444
Reservoir 49,118.1427613,36.53180844,118.1420242,36.53103461
Reservoir 50,117.5772984,36.43968723,117.5797176,36.43684733
Reservoir 51,114.2569499,36.42482747,114.2577832,36.42361654
Reservoir 51,114.3120888,36.40420085,114.31375,36.40402778
Reservoir 52,112.6691827,36.32890489,112.6697594,36.32828234
Reservoir 53,114.1700909,36.30555094,114.1725317,36.30358046
Reservoir 54,118.045473,36.18808649,118.0467017,36.18694129
Reservoir 55,118.6255482,36.06365028,118.6262141,36.06364124
Reservoir 56,118.5613653,35.93129042,118.5613976,35.92970812
Reservoir 57,117.6026659,35.87951593,117.5995854,35.87573254
Reservoir 58,118.8193283,35.88891683,118.8213845,35.8888973
Reservoir 59,118.9800827,35.78155924,118.9806402,35.78104302
Reservoir 60,111.6032387,35.65791716,111.6075169,35.65699315
Reservoir 61,117.2198962,35.49098697,117.2181164,35.48687306
Reservoir 62,117.5112679,35.44194173,117.5129359,35.44081109
Reservoir 63,117.0336023,35.41084527,117.0363921,35.4106212
Reservoir 64,118.9063854,35.37594293,118.9103201,35.37408583
Reservoir 65,117.8755501,35.1827832,117.8719499,35.1772168
Reservoir 66,118.9255469,34.9752701,118.9273617,34.97500781
Reservoir 67,111.8875027,35.09139167,111.8886085,35.09055267
Reservoir 67,112.2062223,34.96860078,112.2057274,34.96642245
Reservoir 68,117.7943874,34.90713943,117.800398,34.90329778
Reservoir 69,111.1615278,34.82430556,111.1610174,34.82375783
Reservoir 69,111.1288786,34.79748966,111.1290278,34.79736111
Reservoir 69,110.560791,34.59450912,110.5497894,34.5918541
Reservoir 69,110.5393219,34.59066772,110.539238,34.59385681
Reservoir 69,110.3527679,34.60716629,110.3420792,34.61018372
Reservoir 69,110.3242874,34.60972214,110.326416,34.61142731
Reservoir 69,110.3484573,34.61287308,110.358345,34.60928345
Reservoir 69,110.2821884,34.61812973,110.2746506,34.63336182
Reservoir 69,110.2459259,34.81890106,110.2446747,34.81969833
Reservoir 69,110.2610855,34.8247757,110.2535019,34.83641815
Reservoir 69,110.2855988,34.88265228,110.2848434,34.88455582
Reservoir 69,110.2626419,34.9491272,110.2619095,34.95275116
Reservoir 69,110.2800827,34.9928093,110.2785721,34.9957695
Reservoir 69,110.295311,35.00918961,110.2945938,35.01380157
Reservoir 69,110.3064194,35.01544571,110.3120422,35.01351166
Reservoir 69,110.3698425,35.16484833,110.3645554,35.18105698
Reservoir 69,110.3705063,35.18109131,110.3722916,35.18023682
Reservoir 70,118.7998318,34.81435871,118.7994279,34.81359524
Reservoir 70,118.7978171,34.81193412,118.7975103,34.80863442
Reservoir 71,107.1752751,34.62471944,107.1793713,34.6223407
Reservoir 71,107.1844598,34.60061083,107.1851389,34.60041667
Reservoir 72,107.2411595,34.45653629,107.2434993,34.45489695
Reservoir 73,118.7432075,34.45164934,118.7436032,34.44925639
Reservoir 73,118.7272168,34.39916138,118.7285701,34.39749851
Reservoir 74,113.2308388,34.36694973,113.2319499,34.36556085
Reservoir 75,112.7592509,33.77670607,112.7609314,33.77363807
Reservoir 76,113.1676476,33.76481527,113.1686084,33.76416395
Reservoir 76,113.1715416,33.75503906,113.1745833,33.75486111
Reservoir 76,113.1758979,33.74073161,113.1741715,33.74026923
Reservoir 76,113.1751343,33.7311008,113.1730184,33.73032376
Reservoir 77,112.477985,33.38268365,112.4804929,33.3813916
Reservoir 77,112.5543934,33.32804335,112.5551389,33.32791667
Reservoir 78,113.5505528,33.28083333,113.5505634,33.28031277
Reservoir 79,118.5263376,33.63347222,118.5267516,33.63226251
Reservoir 79,118.518064,33.62472412,118.5180358,33.62333605
Reservoir 79,118.5041252,33.62149943,118.5038482,33.62499729
Reservoir 79,118.508323,33.63221191,118.5077205,33.63317369
Reservoir 79,118.6704378,33.44426066,118.6709223,33.44172282
Reservoir 79,118.8630452,33.34693414,118.8643056,33.34680556
Reservoir 79,118.8547968,33.34582303,118.8536214,33.34498969
Reservoir 79,118.4740164,33.31613661,118.4751478,33.32700507
Reservoir 79,118.8370833,33.31498969,118.8346503,33.31297729
Reservoir 79,118.4493056,33.32625,118.449177,33.32917697
Reservoir 79,118.4852599,33.31720432,118.4868056,33.31708333
Reservoir 79,118.4312725,33.29784261,118.4292936,33.29918416
Reservoir 79,118.8180897,33.29046265,118.8195833,33.28986111
Reservoir 79,118.8130683,33.28612305,118.8143056,33.28541667
Reservoir 79,118.8126717,33.28550212,118.8109068,33.28580594
Reservoir 79,118.5727783,33.2342494,118.5748611,33.23402778
Reservoir 79,118.3860289,33.22720812,118.3851495,33.22832045
Reservoir 79,118.3347933,33.21057088,118.3359722,33.21041667
Reservoir 79,118.2687318,33.20210693,118.2679696,33.20489258
Reservoir 79,118.4227856,33.15238946,118.4233775,33.15073961
Reservoir 79,118.422733,33.14319444,118.4228461,33.14178955
Reservoir 79,118.6493907,33.2335574,118.6498611,33.23319444
Reservoir 79,118.5935162,33.19755317,118.5947358,33.19692491
Reservoir 79,118.6077886,33.20457967,118.609289,33.20653632
Reservoir 79,118.6107598,33.2047267,118.6115278,33.20458333
Reservoir 79,118.6347401,33.18165012,118.6353456,33.18067803
Reservoir 79,118.6752932,33.14307088,118.6742744,33.14331801
Reservoir 80,107.9804366,33.1012519,107.9853247,33.08939848
Reservoir 81,113.5345969,33.01221053,113.5365867,33.00893289
Reservoir 82,114.2020272,33.08619385,114.2024948,33.08471653
Reservoir 82,114.2125228,33.08363403,114.212755,33.08275486
Reservoir 82,114.2440904,33.07436808,114.2445833,33.07402778
Reservoir 82,114.264697,32.97027317,114.2654167,32.97013889
Reservoir 82,114.2783282,32.97481445,114.2776506,32.97466254
Reservoir 83,113.5158807,32.78153856,113.5156949,32.77936028
Reservoir 84,113.8892003,32.66913981,113.8907723,32.66599257
Reservoir 85,108.7911757,32.62077175,108.7951052,32.61600113
Reservoir 86,111.5388916,32.82583605,111.5410594,32.82528049
Reservoir 86,111.556672,32.6952832,111.5569392,32.6943476
Reservoir 86,111.376366,32.57525499,111.3759722,32.57580431
Reservoir 86,111.3464034,32.5976614,111.3481524,32.59853977
Reservoir 86,111.3218355,32.57433702,111.3229167,32.57402778
Reservoir 87,105.5018944,32.74222128,105.5031616,32.74104473
Reservoir 87,105.5261922,32.70079911,105.522134,32.69674095
Reservoir 88,118.9875955,32.50897027,118.9872138,32.5074802
Reservoir 89,111.9043888,32.45336554,111.9052702,32.45298389
Reservoir 90,111.84658,32.33250895,111.8481196,32.33253011
Reservoir 91,118.0664581,32.25651476,118.0675369,32.25581814
Reservoir 91,118.0609345,32.21898627,118.0618056,32.21875
Reservoir 92,110.2508985,32.18528442,110.2520973,32.18473522
Reservoir 93,113.1026021,32.16700352,113.1063225,32.16643114
Reservoir 94,113.8927805,32.13028049,113.894164,32.12916395
Reservoir 94,113.9568156,32.10926676,113.9575054,32.10886122
Reservoir 94,113.9701123,32.09963813,113.9718056,32.09875
Reservoir 95,119.1722,32.10439887,119.1724173,32.10075684
Reservoir 96,119.264974,32.08168783,119.2651378,32.07893636
Reservoir 97,114.3651384,32.03288389,114.3661774,32.03121684
Reservoir 97,114.3697808,32.00224697,114.3676988,31.99882647
Reservoir 98,117.4017692,32.06458822,117.4038216,32.06301432
Reservoir 99,113.408189,32.06124457,113.4089087,32.06055284
Reservoir 100,112.6585605,31.92918278,112.6611213,31.92851475
Reservoir 101,117.1978619,31.90693468,117.1987836,31.90639431
Reservoir 102,119.2227471,31.89753418,119.219177,31.89526747
Reservoir 103,114.635836,31.87944716,114.6369586,31.87776964
Reservoir 103,114.6521452,31.85771647,114.6516037,31.85582248
Reservoir 104,113.5769675,31.83611816,113.5734242,31.83341526
Reservoir 104,113.5558602,31.81749702,113.555485,31.81970432
Reservoir 104,113.5314971,31.80635824,113.5310696,31.8073725
Reservoir 105,115.3369309,31.79058892,115.3391873,31.78634196
Reservoir 106,114.9130583,31.78500271,114.9136084,31.78470812
Reservoir 107,111.7700027,31.79320394,111.7706295,31.79271512
Reservoir 107,111.8006921,31.76146349,111.8023611,31.76125
Reservoir 108,115.8371686,31.69215115,115.8363306,31.68925537
Reservoir 108,115.8402881,31.63248969,115.840823,31.63287733
Reservoir 108,115.7578729,31.53554009,115.7553033,31.5340823
Reservoir 109,112.9345104,31.65249303,112.9357846,31.65209748
Reservoir 109,112.9371324,31.6444596,112.9362176,31.64362798
Reservoir 109,112.9494404,31.64304584,112.9478604,31.64204789
Reservoir 109,112.9359681,31.6391372,112.9335713,31.63926397
Reservoir 109,112.9519993,31.63487142,112.951501,31.63421563
Reservoir 109,112.9431201,31.63040514,112.9426211,31.63131993
Reservoir 109,112.935809,31.62533271,112.9365755,31.62490645
Reservoir 110,116.0133255,31.61499213,116.0175,31.61332275
Reservoir 110,116.0575897,31.55443658,116.0556902,31.55310981
Reservoir 110,116.0686008,31.54362142,116.0666394,31.54274658
Reservoir 110,116.0238942,31.46444987,116.0234385,31.4647168
Reservoir 111,105.5444513,31.66595188,105.5482686,31.66363715
Reservoir 111,105.6397401,31.53859321,105.6400557,31.54045139
Reservoir 111,105.6574746,31.5424745,105.6581432,31.54224772
Reservoir 111,105.6660999,31.54583333,105.6661619,31.54506212
Reservoir 112,113.7223611,31.63708333,113.7244279,31.63641249
Reservoir 112,113.6639035,31.62221625,113.6638504,31.62273817
Reservoir 112,113.6128177,31.59135525,113.6140278,31.59097222
Reservoir 112,113.6218693,31.54555013,113.6213346,31.54490641
Reservoir 113,112.7922436,31.4446901,112.7897491,31.44247232
Reservoir 114,119.3679706,31.40081353,119.3687058,31.39663167
Reservoir 115,116.2769359,31.33881375,116.2758009,31.33605062
Reservoir 116,113.2188951,31.3959432,113.2204755,31.39528049
Reservoir 116,113.2814044,31.34831787,113.2801915,31.34805556
Reservoir 117,119.4242643,31.32122993,119.4250027,31.31970812
Reservoir 117,119.4055811,31.25669217,119.4059722,31.25652778
Reservoir 117,119.4076584,31.24756375,119.41125,31.24736111
Reservoir 118,116.662742,31.33057834,116.6636655,31.33010254
Reservoir 118,116.6945775,31.30439562,116.6938711,31.30488336
Reservoir 118,116.7011331,31.29032878,116.7029167,31.29013889
Reservoir 118,116.7873301,31.297956,116.7875391,31.29654161
Reservoir 118,116.7907852,31.29641168,116.7916379,31.29526177
Reservoir 118,116.7410921,31.2936084,116.7405583,31.29305284
Reservoir 118,116.764101,31.29241509,116.7643039,31.29138889
Reservoir 118,116.713318,31.31896077,116.7129074,31.31979004
Reservoir 119,114.5616531,31.37497125,114.5616699,31.37415256
Reservoir 120,119.5705431,31.2426218,119.5713965,31.24223009
Reservoir 121,114.8366694,31.2888916,114.8372217,31.28831679
Reservoir 121,114.8725396,31.19099148,114.8721045,31.19162164
Reservoir 122,114.7577724,31.22958333,114.7577865,31.22888048
Reservoir 123,114.304289,31.14071102,114.3051119,31.13895485
Reservoir 124,114.4516965,31.1417117,114.4522268,31.1386027
Reservoir 124,114.4698305,31.06361708,114.4715278,31.06347222
Reservoir 124,114.4677932,31.062095,114.4683575,31.06161784
Reservoir 125,115.1275778,31.02812771,115.1281079,31.02649414
Reservoir 125,115.1197952,31.01737766,115.1215278,31.01708333
Reservoir 125,115.1077624,31.01548096,115.1073494,31.01609565
Reservoir 125,115.0884516,31.01571506,115.0889535,31.01614746
Reservoir 126,112.029494,31.06857666,112.0302869,31.06775146
Reservoir 126,112.0352625,31.05970676,112.0356944,31.05958333
Reservoir 126,112.0266614,31.05139431,112.026159,31.05085205
Reservoir 126,112.0130326,31.03665256,112.0119474,31.0369732
Reservoir 126,112.0011214,31.02954942,112.0020193,31.02935574
Reservoir 126,112.0303464,31.0282392,112.0300153,31.02757595
Reservoir 126,112.003331,31.02529297,112.0056944,31.02513889
Reservoir 126,112.0068523,31.02519694,112.0082163,31.02470188
Reservoir 126,112.0157853,31.02371501,112.0146703,31.02329617
Reservoir 126,112.0340057,31.02324788,112.033045,31.02200331
Reservoir 126,112.0307315,31.02200873,112.0302287,31.02257161
Reservoir 126,112.0069035,31.02324327,112.0039048,31.02366564
Reservoir 126,111.9950179,31.00720106,111.9965921,31.00598606
Reservoir 126,112.0877523,31.01525228,112.0881944,31.01513889
Reservoir 127,113.0386084,31.05083062,113.0388973,31.04998589
Reservoir 127,113.0579286,31.02649957,113.0572727,31.02593424
Reservoir 128,105.0110795,30.94163235,105.0117181,30.94086154
Reservoir 129,108.6393971,31.13219217,108.6497482,31.12245897
Reservoir 130,111.0744444,30.86821846,111.0786644,30.86774957
Reservoir 131,115.0455231,30.76135254,115.0436056,30.76042209
Reservoir 132,106.6042225,30.72610569,106.6052926,30.72553955
Reservoir 132,106.6174809,30.71530979,106.6156786,30.71530138
Reservoir 133,111.7380503,30.70252577,111.7374902,30.70083008
Reservoir 134,115.5844476,30.68443061,115.5856799,30.68383274
Reservoir 134,115.5223611,30.62597222,115.5224954,30.62699816
Reservoir 134,115.5072274,30.63657959,115.5069598,30.63751546
Reservoir 134,115.4900507,30.59160482,115.490782,30.58978543
Reservoir 135,119.4611318,30.53990905,119.4621783,30.53896276
Reservoir 136,118.1694306,30.45779188,118.1707216,30.45691678
Reservoir 136,118.1705374,30.43055935,118.1709771,30.42977159
Reservoir 136,118.0594265,30.40581543,118.0584899,30.40702908
Reservoir 136,117.939225,30.28562337,117.94125,30.28541667
Reservoir 137,116.0704197,30.55368652,116.072263,30.55333605
Reservoir 137,116.2164602,30.49033122,116.2170833,30.49013889
Reservoir 137,116.1943056,30.52208333,116.1944189,30.52308105
Reservoir 137,116.1795341,30.51472928,116.1778735,30.5149821
Reservoir 138,110.9197448,30.47206788,110.9258342,30.47183367
Reservoir 138,110.9874038,30.43323706,110.9855564,30.43178464
Reservoir 138,110.9888558,30.40637804,110.9901389,30.40625
Reservoir 139,105.1965565,30.2784554,105.197846,30.27803711
Reservoir 140,111.5963036,30.156148,111.5973973,30.15576497
Reservoir 141,111.541539,29.9914118,111.5419417,29.99049193
Reservoir 141,111.5392896,29.98030132,111.538323,29.98001033
Reservoir 141,111.4763561,29.96054782,111.4767611,29.95958333
Reservoir 142,113.9136331,29.97013889,113.9136054,29.96943989
Reservoir 143,107.2791637,30.04528622,107.2791806,30.04445246
Reservoir 143,107.2830659,29.96395548,107.2833743,29.96253019
Reservoir 143,107.2658287,29.91945013,107.2649951,29.91917236
Reservoir 143,107.2493056,29.91625,107.2491227,29.91725217
Reservoir 143,107.2871967,29.95747457,107.2879167,29.95736111
Reservoir 144,114.7614247,29.81327169,114.7627827,29.81196701
Reservoir 144,114.7832335,29.8003231,114.7834722,29.80013889
Reservoir 144,114.8079058,29.79429496,114.8081944,29.79402778
Reservoir 144,114.8327995,29.79881675,114.8323964,29.79655468
Reservoir 144,114.8397276,29.79753487,114.8409722,29.79736111
Reservoir 144,114.8440424,29.80019894,114.8436334,29.79782113
Reservoir 144,114.8466922,29.79780321,114.8470123,29.79694812
Reservoir 144,114.8433436,29.79639921,114.8430089,29.79855874
Reservoir 144,114.8389746,29.79527507,114.8379422,29.7955402
Reservoir 144,114.8595833,29.79430556,114.8597119,29.7952881
Reservoir 144,114.8675152,29.79280412,114.8678977,29.78973168
Reservoir 144,114.8711263,29.79001536,114.8713938,29.78908088
Reservoir 144,114.8646967,29.78886346,114.8642735,29.78999502
Reservoir 144,114.8772477,29.78835876,114.8774745,29.78691901
Reservoir 144,114.8834701,29.78680339,114.8838433,29.78606554
Reservoir 144,114.890561,29.78647851,114.8915039,29.78418291
Reservoir 144,114.9136811,29.7852093,114.9133057,29.78333518
Reservoir 144,114.8595833,29.78680556,114.859439,29.78757882
Reservoir 144,114.8490234,29.78807092,114.8495356,29.78836092
Reservoir 144,114.8472374,29.79026242,114.8474848,29.79320079
Reservoir 144,114.8356944,29.79208333,114.8360493,29.79300707
Reservoir 144,114.8520833,29.79458333,114.852615,29.79575061
Reservoir 144,114.8224875,29.79666085,114.8214887,29.7972119
Reservoir 144,114.8014871,29.77792547,114.8011263,29.77573802
Reservoir 144,114.793565,29.76731979,114.7948611,29.76708333
Reservoir 144,114.8099821,29.79998169,114.8069982,29.80192656
Reservoir 145,111.5061054,29.81110609,111.5073093,29.81028307
Reservoir 146,111.5263805,29.72167218,111.5278513,29.71945711
Reservoir 146,111.5326,29.71429036,111.5338992,29.71389923
Reservoir 146,111.5088087,29.71615628,111.5064475,29.71676222
Reservoir 147,114.761728,29.71806847,114.7633198,29.71803599
Reservoir 147,114.8237733,29.68276242,114.8230707,29.68109575
Reservoir 147,114.8448041,29.68179209,114.8458637,29.68141937
Reservoir 147,114.768469,29.6810907,114.7680035,29.68230214
Reservoir 147,114.7127604,29.67170152,114.7130962,29.66953518
Reservoir 147,114.8039171,29.67197774,114.8048611,29.67180556
Reservoir 147,114.8454167,29.60763889,114.8441412,29.60775235
Reservoir 148,114.0138753,29.70246891,114.0138959,29.70146149
Reservoir 148,114.007525,29.69912632,114.008087,29.69858626
Reservoir 148,114.0130222,29.68925256,114.0119461,29.68901137
Reservoir 148,114.0034722,29.69236111,114.003893,29.6933607
Reservoir 148,113.9922377,29.69276242,113.9931508,29.69387353
Reservoir 148,113.9891376,29.69258301,113.9888444,29.69493998
Reservoir 148,113.9309264,29.68642473,113.9305634,29.68332553
Reservoir 148,113.9536947,29.68482296,113.9530748,29.68376821
Reservoir 148,113.9290267,29.67569163,113.9285229,29.67342024
Reservoir 149,116.9270573,29.61507924,116.9276386,29.61464444
Reservoir 150,105.8094417,29.54416389,105.8138708,29.54361925
Reservoir 151,117.9930347,29.51277249,117.9933279,29.50666138
Reservoir 152,119.1076389,29.54125,119.1063436,29.54108799
Reservoir 152,119.0679945,29.54461188,119.0686198,29.54582564
Reservoir 152,119.0950713,29.53791239,119.0944599,29.53707157
Reservoir 152,119.1375998,29.52973528,119.1390278,29.52958333
Reservoir 152,119.1772469,29.54389672,119.17875,29.54375
Reservoir 152,119.1807666,29.52994402,119.1798147,29.52924164
Reservoir 152,119.1533279,29.52458126,119.1485631,29.52413005
Reservoir 152,119.1755683,29.51640828,119.1768056,29.51625
Reservoir 152,119.0474897,29.52860077,119.0471734,29.5320443
Reservoir 152,118.9832118,29.55541684,118.9816154,29.55665887
Reservoir 152,119.0950103,29.54599606,119.0957568,29.5454936
Reservoir 152,119.1072399,29.57379008,119.1014421,29.57415887
Reservoir 152,119.0641821,29.57140425,119.0630713,29.57279307
Reservoir 152,119.0842334,29.57312259,119.0854167,29.57291667
Reservoir 152,119.0914068,29.5781644,119.0916873,29.57737393
Reservoir 152,119.0960582,29.57859599,119.0976389,29.57847222
Reservoir 152,119.0980469,29.57860372,119.0989006,29.57606418
Reservoir 152,119.0990964,29.57394725,119.0970578,29.57498213
Reservoir 152,119.1240278,29.58736111,119.1241412,29.58780321
Reservoir 152,119.1283955,29.59141602,119.1293056,29.59125
Reservoir 152,119.0663748,29.58527778,119.0664087,29.58560978
Reservoir 152,119.0618316,29.60632385,119.0612383,29.60720686
Reservoir 152,118.9413835,29.53916138,118.9411127,29.54001658
Reservoir 152,118.8554167,29.54263889,118.855548,29.54368798
Reservoir 152,118.8741794,29.54529063,118.8745833,29.54513889
Reservoir 152,118.8638081,29.54557343,118.866129,29.54581546
Reservoir 152,118.8619368,29.54927762,118.862238,29.55190362
Reservoir 152,118.9437242,29.55641459,118.9432294,29.5541825
Reservoir 152,118.9110216,29.55159186,118.9104964,29.54970561
Reservoir 152,118.955717,29.54867452,118.9551988,29.54760668
Reservoir 152,118.95125,29.54180556,118.9517326,29.54290175
Reservoir 152,118.9022776,29.5380427,118.8999002,29.53737796
Reservoir 152,118.9444249,29.53200124,118.9411182,29.53196886
Reservoir 152,118.9289228,29.5235987,118.9287823,29.52422526
Reservoir 152,118.924177,29.52028812,118.9235061,29.52110077
Reservoir 152,118.8084755,29.4950273,118.8109709,29.49733938
Reservoir 152,118.8501283,29.49415382,118.8494737,29.49375997
Reservoir 152,118.8792304,29.49346388,118.8778478,29.49339301
Reservoir 152,118.8461732,29.49050476,118.8451199,29.4910925
Reservoir 152,118.7499186,29.4952966,118.7475054,29.49627835
Reservoir 152,118.7573831,29.50052372,118.7576036,29.49875
Reservoir 152,118.7664016,29.49667952,118.7670833,29.49652778
Reservoir 152,118.78125,29.50597222,118.7815169,29.50666667
Reservoir 152,118.8283084,29.51388889,118.8282617,29.51199361
Reservoir 152,118.8230811,29.5183079,118.8234177,29.51879564
Reservoir 152,118.7834722,29.51847222,118.7835783,29.51971493
Reservoir 152,118.821629,29.50422692,118.819314,29.50384661
Reservoir 152,118.8466116,29.50934404,118.8463482,29.51192613
Reservoir 152,118.7970833,29.52513889,118.79815,29.52653653
Reservoir 152,118.7990506,29.53162567,118.7994265,29.53101112
Reservoir 152,118.8133152,29.5300233,118.8144805,29.52912957
Reservoir 152,118.8273424,29.53661543,118.8244637,29.5373429
Reservoir 152,118.9543056,29.56041667,118.9545567,29.56131843
Reservoir 152,118.8926389,29.56375,118.8931068,29.56554776
Reservoir 152,118.8977523,29.56719679,118.8981944,29.56708333
Reservoir 152,118.9066694,29.569725,118.9081944,29.56902778
Reservoir 152,118.9014079,29.57713586,118.9011228,29.57779314
Reservoir 152,118.9147339,29.58028466,118.914397,29.57902673
Reservoir 152,118.9177151,29.58007192,118.9184722,29.57986111
Reservoir 152,118.9207324,29.5810591,118.9189271,29.57961344
Reservoir 152,118.9374729,29.57815403,118.9366488,29.57751787
Reservoir 152,118.9761266,29.57859575,118.975529,29.57777778
Reservoir 152,118.9752523,29.57761546,118.9741376,29.57803012
Reservoir 152,118.9619322,29.57276299,118.9613072,29.57443159
Reservoir 152,118.9103046,29.57116998,118.9098044,29.57163367
Reservoir 152,118.9591428,29.56933384,118.9584842,29.56812185
Reservoir 152,118.9143056,29.57291667,118.9146552,29.57348402
Reservoir 152,118.9118056,29.57569444,118.9119623,29.57638441
Reservoir 152,118.9304525,29.57489688,118.931225,29.57389577
Reservoir 152,118.9327984,29.57776242,118.9331367,29.57504205
Reservoir 152,118.9873611,29.59180556,118.9884795,29.59327087
Reservoir 152,118.9337717,29.59482154,118.9339277,29.59635305
Reservoir 152,118.9483412,29.59388109,118.9472588,29.59338433
Reservoir 152,118.9898044,29.59744134,118.9909814,29.59494741
Reservoir 152,118.9794499,29.60777249,118.9812031,29.6080778
Reservoir 152,118.9555659,29.61112145,118.9552262,29.61204664
Reservoir 152,118.9501655,29.61427005,118.9508255,29.6151848
Reservoir 152,118.9990278,29.61291667,118.9997068,29.6144598
Reservoir 152,118.965115,29.61471425,118.9655301,29.61528822
Reservoir 152,118.9668476,29.61663198,118.9673611,29.61625
Reservoir 152,118.9687286,29.61684964,118.9675054,29.61507931
Reservoir 152,119.02875,29.63680556,119.0286138,29.63778056
Reservoir 152,119.0079167,29.63875,119.0081548,29.63956173
Reservoir 152,119.0625079,29.64224826,119.0651389,29.64208333
Reservoir 152,119.0320833,29.64347222,119.032452,29.64580231
Reservoir 152,119.1281171,29.71194444,119.1279796,29.71287455
Reservoir 152,118.9844265,29.63137102,118.9841794,29.63225857
Reservoir 152,118.9490913,29.62125532,118.9470079,29.62165632
Reservoir 152,118.9255452,29.63721188,118.9243248,29.6378928
Reservoir 152,118.9266968,29.63838443,118.9273611,29.63819444
Reservoir 152,118.9229281,29.64425561,118.9237299,29.64600318
Reservoir 152,118.8637836,29.66102129,118.8628833,29.6616488
Reservoir 152,118.8459722,29.65930556,118.8455659,29.66028812
Reservoir 152,118.876948,29.63967665,118.8767122,29.63877974
Reservoir 152,118.8780244,29.56936781,118.8767158,29.57034119
Reservoir 152,118.8168641,29.54885671,118.8150426,29.54927053
Reservoir 152,118.7327699,29.49084113,118.7297195,29.49020138
Reservoir 152,118.7952829,29.48449378,118.7949417,29.48306085
Reservoir 152,118.7934532,29.47983209,118.7952846,29.4805544
Reservoir 152,118.7300103,29.47667701,118.7292885,29.47797068
Reservoir 152,118.7502724,29.46750529,118.7497553,29.46640927
Reservoir 152,118.6820833,29.47041667,118.6824867,29.47083645
Reservoir 152,118.7280452,29.43973253,118.7275296,29.43913405
Reservoir 152,118.7383488,29.43234938,118.7390278,29.43180556
Reservoir 152,118.7100779,29.41744995,118.7121384,29.4145223
Reservoir 152,118.7113992,29.4138992,118.7092177,29.41653659
Reservoir 152,118.7065346,29.41554647,118.7047987,29.41591275
Reservoir 152,118.7030401,29.41415127,118.7019941,29.41491543
Reservoir 152,118.9058179,29.49609575,118.9065278,29.49569444
Reservoir 152,119.1286103,29.51332299,119.1275103,29.5117412
Reservoir 152,119.1247119,29.51220367,119.1221653,29.51248966
Reservoir 152,119.1101959,29.50574032,119.1095489,29.50610077
Reservoir 152,119.1152501,29.51158512,119.1143395,29.5119341
Reservoir 152,119.1639499,29.50126777,119.1636266,29.49949473
Reservoir 152,119.1348326,29.48807387,119.1356944,29.48791667
Reservoir 152,119.1409554,29.49138723,119.1423611,29.49125
Reservoir 152,119.1763992,29.55026744,119.1767849,29.55071509
Reservoir 152,119.17875,29.55402778,119.1791791,29.5545638
Reservoir 152,119.1731437,29.55854614,119.1728006,29.55887855
Reservoir 153,119.8330387,29.45559171,119.8331612,29.45504712
Reservoir 154,115.3151389,29.28708333,115.3130402,29.28720683
Reservoir 154,115.1832471,29.27547594,115.1812309,29.27481283
Reservoir 154,115.3227906,29.25516622,115.3246816,29.25382277
Reservoir 154,115.3200411,29.25347222,115.3199545,29.25405769
Reservoir 154,115.343608,29.2727634,115.3444326,29.27356954
Reservoir 154,115.3488811,29.27804776,115.3500547,29.27686666
Reservoir 154,115.3799901,29.2867787,115.3800482,29.28531223
Reservoir 154,115.3714703,29.28010688,115.3713076,29.28054274
Reservoir 154,115.3614327,29.27192403,115.3611315,29.27081292
Reservoir 154,115.3691081,29.26990634,115.3683487,29.26935994
Reservoir 154,115.4375179,29.25470432,115.4371298,29.25371724
Reservoir 154,115.469047,29.25578946,115.4670603,29.25591885
Reservoir 154,115.3992006,29.25391168,115.3969774,29.25311395
Reservoir 154,115.417251,29.22195808,115.4181944,29.22180556
Reservoir 154,115.4755634,29.23139669,115.4758508,29.23046604
Reservoir 154,115.4755184,29.21904887,115.4740822,29.21942905
Reservoir 154,115.4685306,29.21514038,115.4688735,29.2165705
Reservoir 154,115.4709591,29.21678948,115.4723611,29.21652778
Reservoir 154,115.4652599,29.21724013,115.4656191,29.21879049
Reservoir 154,115.4624846,29.22251539,115.4630402,29.22418206
Reservoir 154,115.4719548,29.22546631,115.4738278,29.22282464
Reservoir 154,115.4674972,29.22305278,115.4665866,29.22444166
Reservoir 154,115.4461966,29.2198641,115.4447376,29.21803982
Reservoir 154,115.449919,29.21782111,115.4515278,29.21736111
Reservoir 154,115.4664138,29.2125649,115.4646867,29.2111164
Reservoir 154,115.4102402,29.26237088,115.4107083,29.26345025
Reservoir 154,115.49375,29.26458333,115.4941724,29.26555115
Reservoir 154,115.4437714,29.2667176,115.4467933,29.26787198
Reservoir 154,115.4508368,29.271946,115.4505509,29.27250095
Reservoir 154,115.4436365,29.27386346,115.4438674,29.27448039
Reservoir 154,115.43375,29.27569444,115.4332749,29.27762105
Reservoir 154,115.4614068,29.27801337,115.4616507,29.27663778
Reservoir 154,115.471187,29.27636142,115.4710338,29.27445475
Reservoir 154,115.4969341,29.27443414,115.4970833,29.27430556
Reservoir 154,115.3689494,29.30101,115.3684197,29.30164761
Reservoir 154,115.3616185,29.29680752,115.3595195,29.29723931
Reservoir 154,115.3585004,29.30301731,115.3579054,29.30417209
Reservoir 154,115.3515278,29.30791667,115.3519717,29.30870972
Reservoir 155,111.1194417,29.26778056,111.1185814,29.2674861
Reservoir 155,111.1419295,29.20023621,111.1403328,29.20221408
Reservoir 155,111.1491745,29.19445224,111.1515278,29.19347222
Reservoir 155,111.1597351,29.19390171,111.1604272,29.19306837
Reservoir 155,111.1772492,29.22131036,111.1771686,29.22195862
Reservoir 156,113.5904556,29.21726201,113.5893192,29.21614962
Reservoir 156,113.5570367,29.18079343,113.5543763,29.17776508
Reservoir 157,117.4425415,29.20088223,117.4416962,29.20000244
Reservoir 157,117.4120215,29.18611762,117.410701,29.18637099
Reservoir 158,118.9338242,29.14698214,118.9352987,29.14583517
Reservoir 159,111.2758386,29.02000529,111.2761339,29.01784458
Reservoir 160,115.1297119,28.98538127,115.1294397,28.98349677
Reservoir 161,114.3343716,28.98417036,114.3379223,28.98438556
Reservoir 162,117.7373278,28.85459722,117.7338831,28.85197623
Reservoir 163,118.8972822,28.82929862,118.896547,28.82588812
Reservoir 163,118.8557299,28.79020829,118.8574415,28.7895777
Reservoir 164,118.2692803,28.84285577,118.2722073,28.84251587
Reservoir 165,110.6823167,28.66838977,110.6679138,28.65919648
Reservoir 166,110.0852721,28.76555976,110.0853249,28.76422852
Reservoir 167,118.8590568,28.69179153,118.8581039,28.68560519
Reservoir 167,118.8429394,28.68680449,118.8390207,28.68784972
Reservoir 167,118.8511776,28.67553302,118.850744,28.66685971
Reservoir 168,116.7908744,28.66029517,116.7914609,28.65926517
Reservoir 169,114.5449358,28.65262589,114.5458533,28.65195856
Reservoir 170,119.2259093,28.53687591,119.2262232,28.53583266
Reservoir 171,111.0612495,28.33588962,111.0619918,28.33405979
Reservoir 171,111.0591564,28.33417697,111.0577881,28.33301147
Reservoir 171,111.0264068,28.27414876,111.0255377,28.27390679
Reservoir 171,111.0086909,28.15128703,111.0104167,28.15097222
Reservoir 172,116.9635149,28.21859154,116.9656666,28.21651156
Reservoir 173,119.5240029,28.2271414,119.5236327,28.22466244
Reservoir 173,119.5113354,28.2055548,119.5128872,28.20525009
Reservoir 174,113.9206802,28.23410612,113.9206931,28.22828612
Reservoir 175,113.3880477,28.13139676,113.3875594,28.13033244
Reservoir 176,116.0375358,27.95123353,116.037819,27.94953456
Reservoir 176,115.9896816,27.9353765,115.9920884,27.93410228
Reservoir 177,114.7002805,27.77225735,114.7024002,27.76979967
Reservoir 177,114.6930811,27.76925442,114.6933881,27.76797431
Reservoir 177,114.6979498,27.76505588,114.6981114,27.76433417
Reservoir 177,114.6838992,27.76066054,114.6841574,27.76026584
Reservoir 177,114.7004975,27.75283054,114.7023611,27.75236111
Reservoir 177,114.6786214,27.74584364,114.6790278,27.74569444
Reservoir 177,114.6797168,27.74392931,114.6794623,27.74346015
Reservoir 177,114.7604812,27.73227648,114.7577295,27.73201321
Reservoir 177,114.788106,27.6991512,114.7877067,27.69596219
Reservoir 177,114.7900255,27.6723489,114.79125,27.67152778
Reservoir 178,112.1359722,27.72069444,112.1362733,27.71974338
Reservoir 178,112.1866252,27.70108561,112.1858588,27.69960775
Reservoir 178,112.1857989,27.69740994,112.1850069,27.69918457
Reservoir 178,112.2122393,27.68221056,112.2116235,27.67986111
Reservoir 179,116.7935919,27.48975288,116.7951089,27.48783936
Reservoir 180,106.6691372,27.46429172,106.6713093,27.4641173
Reservoir 181,114.829439,27.25793837,114.8288824,27.25527642
Reservoir 182,113.6615701,27.24839795,113.6621708,27.24417849
Reservoir 183,114.8915811,27.19028872,114.8924294,27.1898966
Reservoir 184,116.0629478,26.93699792,116.0628562,26.93529225
Reservoir 185,112.9920622,26.88584527,112.9937877,26.88577691
Reservoir 186,111.6245677,26.77845649,111.6256765,26.77746582
Reservoir 187,117.1092297,26.87843009,117.1100198,26.87522844
Reservoir 188,106.5425363,26.68991645,106.5421275,26.68751953
Reservoir 188,106.5388786,26.6836008,106.5395833,26.68347222
Reservoir 188,106.5296695,26.67200033,106.5288677,26.67331543
Reservoir 188,106.5373207,26.67016602,106.5360692,26.66828532
Reservoir 188,106.5317711,26.66665636,106.5312973,26.66559489
Reservoir 188,106.5246372,26.66263075,106.5211294,26.66273709
Reservoir 188,106.5157001,26.65784885,106.5159143,26.6592985
Reservoir 188,106.5060916,26.65277154,106.5066267,26.65373074
Reservoir 189,118.0856508,26.59003616,118.0803871,26.58285628
Reservoir 190,118.8015956,26.65238932,118.8025895,26.6502832
Reservoir 191,106.4279737,26.51798246,106.4307153,26.51728017
Reservoir 191,106.4169834,26.49852252,106.4199608,26.49669343
Reservoir 191,106.4107041,26.49611042,106.4129014,26.49181486
Reservoir 191,106.4049453,26.47479805,106.4026851,26.47392052
Reservoir 191,106.3843312,26.46487709,106.3888995,26.47068118
Reservoir 191,106.4417279,26.43799151,106.4397069,26.43621237
Reservoir 192,105.7950619,26.39098443,105.7961087,26.39027479
Reservoir 192,105.763755,26.37461209,105.7627399,26.37682373
Reservoir 193,115.464647,26.42649814,115.4679479,26.42526613
Reservoir 193,115.451262,26.37467114,115.4529852,26.37440812
Reservoir 193,115.4602248,26.35551879,115.4623326,26.35426499
Reservoir 194,118.2627805,26.5938916,118.2652675,26.59003554
Reservoir 194,118.2579647,26.58888346,118.25875,26.58875
Reservoir 194,118.2761214,26.57816054,118.2780659,26.57751031
Reservoir 194,118.3583548,26.52665961,118.36125,26.52652778
Reservoir 194,118.3941214,26.5046129,118.3942358,26.50383762
Reservoir 194,118.4178369,26.44400635,118.4181944,26.44375
Reservoir 194,118.4173627,26.41076145,118.41809,26.41
Reservoir 194,118.4841775,26.39645589,118.4848611,26.39625
Reservoir 194,118.5266745,26.40611898,118.5276389,26.40597222
Reservoir 194,118.5794708,26.41734592,118.5806993,26.41686306
Reservoir 194,118.6849821,26.35609321,118.6854167,26.35597222
Reservoir 195,112.688505,26.09763403,112.6897836,26.09724488
Reservoir 195,112.7110622,25.87988145,112.7094636,25.87720704
Reservoir 195,112.7109647,25.86197451,112.7118541,25.86097383
Reservoir 195,112.7244182,25.86664434,112.7250297,25.86147417
Reservoir 196,117.1009504,26.09666634,117.1009479,26.09374638
Reservoir 197,113.4611084,25.98833605,113.4605583,25.98749729
Reservoir 197,113.4316612,25.93749457,113.4312712,25.93791585
Reservoir 197,113.4165921,25.92324463,113.4152184,25.92374919
Reservoir 197,113.4193056,25.93847222,113.4195803,25.94031413
Reservoir 197,113.4008436,25.90556586,113.4011092,25.90411079
Reservoir 197,113.4269548,25.90498969,113.4244097,25.9041805
Reservoir 197,113.4053695,25.88713949,113.4046834,25.88614583
Reservoir 197,113.4283027,25.88483046,113.4283735,25.88426053
Reservoir 197,113.3455583,25.85527507,113.3450035,25.85419786
Reservoir 197,113.3305634,25.77868924,113.3311949,25.77826389
Reservoir 197,113.3500155,25.75818278,113.3510487,25.75610406
Reservoir 197,113.4831529,25.67107802,113.4826888,25.67032471
Reservoir 198,114.3452965,25.93999756,114.3458306,25.93944146
Reservoir 198,114.3273611,25.81480035,114.3266455,25.81476725
Reservoir 199,119.2810522,25.71746853,119.2805659,25.71637858
Reservoir 200,110.2118334,25.58875241,110.2116737,25.58737398
Reservoir 201,118.9549718,25.4984649,118.955003,25.49693604
Reservoir 201,118.9332869,25.47980523,118.935128,25.4778182
Reservoir 202,109.4526618,25.66616026,109.4587336,25.66382898
Reservoir 203,111.6789435,25.14049642,111.6810272,25.13953993
Reservoir 204,118.6136168,25.11082899,118.6123945,25.10851888
Reservoir 205,116.7968901,25.04012316,116.7969686,25.03814182
Reservoir 206,112.6738112,24.95455716,112.6738919,24.95440547
Reservoir 207,105.0367424,24.96069456,105.036184,24.95961056
Reservoir 207,105.0752599,24.90331557,105.0756944,24.90319456
Reservoir 207,104.9866745,24.84342316,104.9875721,24.84213816
Reservoir 207,104.9789219,24.76249796,104.9798611,24.76236123
Reservoir 208,113.1575218,24.87959275,113.1601221,24.87811786
Reservoir 208,113.1585692,24.83406401,113.1601272,24.83308331
Reservoir 208,113.150419,24.81813189,113.1524768,24.8157068
Reservoir 208,113.1943219,24.77749019,113.1963909,24.77578304
Reservoir 208,113.2025041,24.78024452,113.1998557,24.77884622
Reservoir 208,113.1721169,24.75290128,113.1705017,24.75052923
Reservoir 209,111.2956212,24.78345781,111.295616,24.7812465
Reservoir 209,111.2916708,24.7514013,111.2928806,24.75095668
Reservoir 209,111.2928739,24.74808196,111.29166,24.74675753
Reservoir 209,111.3112645,24.74295883,111.3119871,24.74140939
Reservoir 210,114.3565691,24.65174751,114.3560079,24.65105345
Reservoir 211,108.2101898,24.60982513,108.2154846,24.60914421
Reservoir 212,111.7291614,24.23833862,111.7286587,24.23779616
Reservoir 213,107.522816,24.43029715,107.5264103,24.42800987
Reservoir 214,106.6506363,24.02260076,106.648664,24.02208392
Reservoir 214,106.669431,23.96331555,106.668629,23.96262775
Reservoir 214,106.6879959,23.95996166,106.6889202,23.95730569
Reservoir 215,115.6076693,23.94431012,115.6075689,23.94437968
Reservoir 215,115.6036738,23.94782866,115.6045087,23.9480929
Reservoir 215,115.5928875,23.94678917,115.5920443,23.94729473
Reservoir 215,115.5997673,23.95617682,115.6003368,23.95515544
Reservoir 215,115.6073343,23.9536792,115.6076346,23.95171431
Reservoir 215,115.573785,23.96560451,115.574336,23.96629401
Reservoir 215,115.5895871,23.94213929,115.5888519,23.94127706
Reservoir 215,115.5686571,23.94100463,115.5675375,23.94125084
Reservoir 216,116.8537004,23.95339661,116.8542046,23.95244344
Reservoir 216,116.8602633,23.93585239,116.8600088,23.93467665
Reservoir 217,116.6398843,23.92532941,116.6406235,23.92446031
Reservoir 218,106.8799946,23.86333345,106.8801207,23.8601502
Reservoir 218,106.8744154,23.82355684,106.8731128,23.82582314
Reservoir 219,113.2145169,24.1203631,113.220827,24.11621648
Reservoir 220,114.2058664,23.84433057,114.2056358,23.84364983
Reservoir 220,114.1514725,23.80905611,114.1522587,23.81234056
Reservoir 221,113.8300944,23.80537815,113.8308436,23.80473253
Reservoir 221,113.7880775,23.75199544,113.7898611,23.75180556
Reservoir 222,114.5134722,23.88097222,114.5119735,23.88041497
Reservoir 222,114.4994165,23.88491299,114.4987362,23.88579434
Reservoir 222,114.4759028,23.8958865,114.4739944,23.89664876
Reservoir 222,114.5554579,23.91776204,114.5543709,23.91829027
Reservoir 222,114.4747119,23.90278809,114.4766564,23.90314277
Reservoir 222,114.4737118,23.8746913,114.4727932,23.87361471
Reservoir 222,114.5035151,23.87720364,114.5025155,23.87171692
Reservoir 222,114.5094276,23.87222704,114.5100103,23.87084364
Reservoir 222,114.510265,23.8672094,114.5095473,23.86886427
Reservoir 222,114.4729121,23.85832303,114.471495,23.85667806
Reservoir 222,114.4590411,23.85151096,114.4592225,23.85273844
Reservoir 222,114.4651739,23.846022,114.4656687,23.84365628
Reservoir 222,114.436486,23.84395359,114.4325323,23.84739461
Reservoir 222,114.4223022,23.84328139,114.4203247,23.84404148
Reservoir 222,114.4264708,23.83333835,114.4273611,23.83319444
Reservoir 222,114.4032498,23.84139472,114.4007555,23.84164374
Reservoir 222,114.4372249,23.8471974,114.4356749,23.84657444
Reservoir 222,114.5330659,23.8561008,114.5324897,23.85584364
Reservoir 222,114.522551,23.84375258,114.5222426,23.84202922
Reservoir 222,114.5199881,23.84130737,114.5179194,23.84172214
Reservoir 222,114.5368793,23.82880507,114.5377856,23.82750787
Reservoir 222,114.6189041,23.81980754,114.620478,23.81783963
Reservoir 222,114.6330583,23.82027507,114.6324398,23.81936279
Reservoir 222,114.6310932,23.81450806,114.629917,23.81525987
Reservoir 222,114.6135981,23.81082045,114.6131906,23.81220934
Reservoir 222,114.5520833,23.81097222,114.5517312,23.81304552
Reservoir 222,114.5770258,23.77942654,114.5764676,23.77806247
Reservoir 222,114.5715191,23.77685493,114.5711534,23.77720432
Reservoir 222,114.458473,23.77466281,114.4589006,23.77582669
Reservoir 222,114.4545114,23.77534478,114.4540262,23.77649658
Reservoir 222,114.4798527,23.77613349,114.4804167,23.77597222
Reservoir 222,114.4927243,23.76494453,114.4885932,23.76307346
Reservoir 222,114.4365535,23.76363688,114.4348937,23.76581801
Reservoir 222,114.4137644,23.76438382,114.4129514,23.76580783
Reservoir 222,114.40867,23.77003893,114.406878,23.77054525
Reservoir 222,114.4526272,23.75276245,114.4516281,23.75217516
Reservoir 222,114.4416588,23.746529,114.4410072,23.74896186
Reservoir 222,114.415481,23.74827542,114.4139204,23.74891412
Reservoir 222,114.4125155,23.74640422,114.4121449,23.74736803
Reservoir 222,114.4266705,23.74949802,114.4269444,23.7482628
Reservoir 222,114.4657823,23.74443047,114.4652094,23.74314657
Reservoir 222,114.466129,23.73859321,114.4657319,23.73828681
Reservoir 222,114.5551731,23.76392741,114.5539936,23.76301704
Reservoir 222,114.5527547,23.76207533,114.5508729,23.76264187
Reservoir 222,114.5428874,23.75712131,114.5413618,23.75821927
Reservoir 222,114.592832,23.83742554,114.5923492,23.83865329
Reservoir 222,114.6113129,23.83891357,114.6129167,23.83875
Reservoir 222,114.6149848,23.84137356,114.6156944,23.84097222
Reservoir 222,114.6134749,23.84557346,114.6143213,23.84679932
Reservoir 222,114.6121967,23.85719672,114.6119265,23.85791911
Reservoir 222,114.6475179,23.8653833,114.6491086,23.86415561
Reservoir 222,114.6491829,23.87170675,114.6498611,23.87152778
Reservoir 222,114.6322179,23.87446974,114.6304026,23.87686157
Reservoir 222,114.6502837,23.89140842,114.6472711,23.8904735
Reservoir 222,114.6628141,23.88741916,114.6624067,23.88566976
Reservoir 222,114.6561263,23.88612651,114.655344,23.88637349
Reservoir 222,114.613323,23.86234219,114.6126725,23.86276747
Reservoir 223,114.5074393,23.59552738,114.5067268,23.5938029
Reservoir 224,109.7261046,23.43167017,109.726167,23.43111652
Reservoir 224,109.7095888,23.39964326,109.709024,23.39703123
Reservoir 224,109.7002767,23.39362927,109.6997293,23.39276921
Reservoir 224,109.6965967,23.37795232,109.6966916,23.37677285
Reservoir 224,109.6881462,23.36471203,109.6872325,23.36141233
Reservoir 224,109.6850255,23.36363673,109.6847548,23.36414128
Reservoir 224,109.6820904,23.35618759,109.6800559,23.3576957
Reservoir 224,109.6786274,23.35442923,109.6763357,23.35377467
Reservoir 225,114.1169298,23.30536919,114.1153979,23.30314331
Reservoir 226,109.4455387,23.26634547,109.4442383,23.26509601
Reservoir 227,110.3157403,23.23301534,110.3161321,23.23203388
Reservoir 227,110.3150026,23.22595118,110.314618,23.22550261
Reservoir 227,110.3164737,23.22193553,110.3157041,23.22112777
Reservoir 227,110.3274744,23.20741414,110.3279624,23.20652243
Reservoir 227,110.3054394,23.2050839,110.3038891,23.2057027
Reservoir 227,110.3011956,23.20300939,110.3005155,23.20363202
Reservoir 227,110.2930068,23.19725254,110.2932011,23.19707466
Reservoir 227,110.3272161,23.20106709,110.3260634,23.19954271
Reservoir 228,115.1805528,23.16583605,115.1796934,23.16554199
Reservoir 228,115.1338161,23.12053806,115.129505,23.11639228
Reservoir 228,115.1008155,23.09529568,115.1005734,23.0944496
Reservoir 228,115.096874,23.09061578,115.0969633,23.09001153
Reservoir 229,109.659665,22.73826941,109.6606468,22.73721261
Reservoir 229,109.6516026,22.72279954,109.65259,22.72116935
Reservoir 229,109.6527753,22.71125788,109.6514645,22.70985409
Reservoir 229,109.6473123,22.70105296,109.6485685,22.69901543
Reservoir 229,109.657965,22.71334966,109.6585847,22.71319101
Reservoir 230,109.2195833,22.66013901,109.2206977,22.65999008
Reservoir 230,109.1236008,22.71221203,109.1226053,22.71276759
Reservoir 230,109.1234722,22.72652789,109.123667,22.72938814
Reservoir 230,109.120893,22.739278,109.120504,22.74210488
Reservoir 230,109.1032194,22.75258706,109.1015685,22.75304781
Reservoir 230,109.1389497,22.6189061,109.1404167,22.61875012
Reservoir 230,109.0444634,22.66331907,109.0444086,22.66376232
Reservoir 230,108.9494265,22.64957775,108.9475724,22.65033676
Reservoir 230,108.9445833,22.65152789,108.9454584,22.65232027
Reservoir 230,108.9430737,22.66056354,108.9427257,22.66146903
Reservoir 230,109.0593571,22.63389416,109.0598611,22.63375012
Reservoir 230,109.0619873,22.63609441,109.0642524,22.63335624
Reservoir 230,109.1258881,22.61287338,109.1265278,22.61236123
Reservoir 231,107.6399824,22.40053424,107.6411518,22.40000283
Reservoir 231,107.6381833,22.38523531,107.638597,22.38469982
Reservoir 232,108.2336138,22.30889172,108.2346962,22.30776514
Reservoir 232,108.1934315,22.27386188,108.1930995,22.27254406
Reservoir 232,108.1475445,22.22460976,108.1471067,22.22653685
Reservoir 233,112.1004675,22.2765589,112.1016797,22.27617365
Reservoir 233,112.1054226,22.2369374,112.1060946,22.2365558
Reservoir 233,112.0703115,22.19972046,112.0684354,22.20149227
Reservoir 234,110.9881944,22.13652778,110.9883843,22.13739827
Reservoir 234,110.9959079,22.13825141,110.9986033,22.13439263
Reservoir 234,110.9941692,22.13857395,110.9946968,22.13884359
Reservoir 234,110.9966367,22.14384576,110.9970452,22.14495795
Reservoir 234,111.0005583,22.14714355,111.0033207,22.14477241
Reservoir 234,111.0008668,22.15861111,110.9999228,22.15903239
Reservoir 234,111.0218486,22.15219862,111.0208512,22.15054498
Reservoir 234,111.0355503,22.14306098,111.0349841,22.14276123
Reservoir 234,111.0120841,22.13247043,111.0114048,22.13081055
Reservoir 234,111.0072006,22.12846381,111.0055348,22.12896539
Reservoir 234,111.0055709,22.12567817,111.0060977,22.12470323
Reservoir 234,110.9918304,22.13104221,110.9886266,22.13116564
Reservoir 235,108.0503913,22.14028875,108.0512178,22.13992229
Reservoir 235,108.0417942,22.12571116,108.0427317,22.12470348
Reservoir 235,108.0760632,22.05494189,108.075725,22.05356958
Reservoir 235,108.0737062,22.03594282,108.0737167,22.03543066
Reservoir 235,108.0785995,22.0206597,108.078645,22.01844032
Reservoir 235,108.0686769,22.01330949,108.0690677,22.012121
Reservoir 235,108.0758347,22.01258352,108.0782429,22.01126022
Reservoir 235,108.0559211,22.01017741,108.0548544,22.0086212
Reservoir 236,112.6441422,22.02418137,112.6508102,22.0173893
Reservoir 237,112.2210636,22.01196262,112.2213836,22.01020155
Reservoir 237,112.2105709,22.00559353,112.2119598,22.00529324
Reservoir 237,112.2157067,22.00053006,112.2136921,21.9999056
Reservoir 237,112.2105377,21.99999864,112.2072454,22.00025987
Reservoir 238,109.5920833,22.08069456,109.5911898,22.08041163
Reservoir 238,109.5772043,22.07317422,109.5743446,22.07414888
Reservoir 238,109.5669265,22.07153983,109.5655377,22.07192666
Reservoir 238,109.5778678,22.06247733,109.5783067,22.06025538
Reservoir 238,109.5759212,22.06008801,109.575128,22.06123682
Reservoir 238,109.5776389,22.05541678,109.5791216,22.05515881
Reservoir 238,109.5774788,22.05164888,109.5761919,22.04998194
Reservoir 238,109.5738694,22.04727171,109.5741515,22.04898368
Reservoir 238,109.589534,22.05390528,109.5901389,22.05375012
Reservoir 238,109.5845095,22.04309446,109.5836377,22.04193615
Reservoir 238,109.5689963,22.04219169,109.5680273,22.04231213
Reservoir 238,109.574222,22.03915132,109.5737543,22.03751666
Reservoir 238,109.5883567,22.03887354,109.5866281,22.03600598
Reservoir 238,109.5926058,22.0388711,109.5918625,22.03790865
Reservoir 238,109.5818148,22.03598455,109.5824875,22.03642291
Reservoir 238,109.5949376,22.01473021,109.5902724,22.01417221
Reservoir 238,109.5978087,22.00803777,109.5965441,22.00710027
Reservoir 238,109.5869699,21.99808117,109.5874745,21.99608573
Reservoir 239,109.1397092,21.9164023,109.1407476,21.91569863
Reservoir 239,109.1522911,21.86486123,109.1521403,21.86364893
Reservoir 239,109.1479275,21.86054292,109.1468273,21.85991304
Reservoir 239,109.1268056,21.84569456,109.1272325,21.84722342
Reservoir 239,109.1181944,21.85652789,109.1183637,21.85702296
Reservoir 239,109.128871,21.84748221,109.1298611,21.84736123
Reservoir 239,109.1091819,21.87665132,109.1095454,21.87710515
Reservoir 239,109.1405404,21.82279336,109.1401248,21.82227442
Reservoir 239,109.1415012,21.81330307,109.1410151,21.8106753
Reservoir 240,110.3182692,21.88917074,110.3191587,21.88915256
Reservoir 240,110.315606,21.86445557,110.3168056,21.86430556
Reservoir 240,110.3133444,21.84986111,110.3133106,21.84900933
Reservoir 240,110.3130709,21.7208488,110.3143056,21.72069444
Reservoir 241,109.6563889,19.305,109.6560503,19.30490492
Reservoir 241,109.560026,19.36903951,109.5591653,19.37013109
Reservoir 241,109.5451134,19.40121819,109.5439871,19.40150235
Reservoir 242,109.1192364,19.25986206,109.1212446,19.25922628
Reservoir 242,109.0973003,19.25420553,109.0959823,19.2545579
Reservoir 243,108.989314,19.01709167,108.9905295,19.01458611
Reservoir 243,108.9848356,18.99900235,108.9866667,18.99888889
Reservoir 243,109.0348847,18.96597365,109.0363889,18.96583333
Reservoir 244,110.1647353,19.02852519,110.1647024,19.02769307
Reservoir 244,110.1667048,18.9566118,110.1666909,18.9550097
Reservoir 245,109.1145068,18.67210286,109.115144,18.67207764
Reservoir 245,109.1126234,18.66262356,109.1127778,18.6625
Reservoir 246,129.6675705,44.10059272,129.6694054,44.10023444
Reservoir 247,125.7469525,43.9602986,125.7502968,43.96000278
Reservoir 247,125.827561,43.86102905,125.8284722,43.86069444
Reservoir 248,126.8301872,43.7664662,126.8294351,43.76500624
Reservoir 248,126.7774897,43.64582303,126.7779167,43.64569444
Reservoir 249,124.9532926,43.33138618,124.9541808,43.33082899
Reservoir 249,124.8800228,43.28053263,124.8792486,43.2802341
Reservoir 250,124.1380452,42.8911008,124.1387101,42.89016303
Reservoir 251,120.457722,42.76725803,120.4608593,42.76683838
Reservoir 252,124.3757628,42.80613783,124.3733328,42.80438137
Reservoir 253,123.2968004,42.77451647,123.2972418,42.77180379
Reservoir 254,129.0451242,42.74364583,129.0466645,42.74333049
Reservoir 255,127.7101617,42.77818359,127.708077,42.77618069
Reservoir 255,127.2127625,42.62926188,127.2119449,42.62991672
Reservoir 256,129.3974946,42.62056098,129.3973611,42.62041667
Reservoir 257,123.2894472,42.65833605,123.2918441,42.6577219
Reservoir 258,122.7655195,42.61767714,122.7622393,42.61479465
Reservoir 259,124.2180477,42.57771891,124.2177856,42.57638102
Reservoir 260,123.5033306,42.53583062,123.5053296,42.53555827
Reservoir 261,122.8963989,42.49710802,122.8977941,42.49667209
Reservoir 262,122.9387077,42.38679959,122.9406944,42.38626736
Reservoir 263,123.2848372,42.31183919,123.2828472,42.30679362
Reservoir 264,121.9150901,42.28878065,121.9160409,42.28676595
Reservoir 265,123.9949398,42.26482978,123.9965281,42.26310176
Reservoir 266,122.2404844,42.14705503,122.2379975,42.14260015
Reservoir 267,124.2497408,42.15134602,124.2466029,42.14920443
Reservoir 268,122.051664,42.04805284,122.0534592,42.04776042
Reservoir 269,125.1446202,41.96055695,125.1432797,41.9589035
Reservoir 270,123.6936057,41.94813178,123.6933388,41.94693902
Reservoir 271,124.3022276,41.93715685,124.3027566,41.93617567
Reservoir 271,124.3111214,41.91584364,124.3120375,41.91550727
Reservoir 272,120.433846,41.82485894,120.4344399,41.82414388
Reservoir 272,120.4364841,41.81117323,120.4376389,41.81097222
Reservoir 273,123.8124631,41.77936795,123.8125575,41.77778564
Reservoir 274,125.1497218,41.70067974,125.149264,41.69881106
Reservoir 275,124.2719718,41.43469645,124.2769529,41.43193414
Reservoir 276,125.5418056,41.38291667,125.5420667,41.38372125
Reservoir 276,125.4907406,41.31263129,125.4885216,41.31335124
Reservoir 276,125.4503145,41.26946452,125.45125,41.26930556
Reservoir 276,125.5415732,41.25232286,125.5429167,41.25208333
Reservoir 276,125.6508306,41.41021647,125.6494036,41.41055284
Reservoir 277,124.1374601,41.12138726,124.1360693,41.11993951
Reservoir 278,123.3672195,41.10333062,123.3681974,41.10204156
Reservoir 279,125.3698323,41.1561951,125.3659657,41.14756956
Reservoir 280,120.7062512,41.05304769,120.7084557,41.05245741
Reservoir 281,125.2991548,41.03539399,125.2939087,41.03480033
Reservoir 282,122.1458231,40.9410902,122.1425788,40.94106612
Reservoir 283,126.1238806,41.06584201,126.1248665,41.06583903
Reservoir 283,126.1184956,41.04022352,126.1180012,41.03962836
Reservoir 284,122.0373321,40.82433485,122.0384743,40.81776449
Reservoir 285,122.7362822,40.76064636,122.7430114,40.75725701
Reservoir 286,122.7411138,40.39419108,122.7436754,40.39403863
Reservoir 287,123.4883358,40.04935438,123.4901606,40.04455892
Reservoir 288,122.5213048,39.93503542,122.5225278,39.93410401
Reservoir 289,120.70125,37.09041667,120.700559,37.08999349
Reservoir 290,120.3508957,29.47512226,120.3514577,29.4747051
Reservoir 291,120.4360232,29.14329868,120.4365661,29.1426658
Reservoir 292,120.1750987,29.03887577,120.1748019,29.03788726
Reservoir 293,120.1563067,28.892835,120.1562549,28.89112511
Reservoir 294,121.0549461,28.64423421,121.0528727,28.63984063
Reservoir 294,121.0343004,28.61417725,121.0351389,28.61402778
Reservoir 294,121.0552219,28.60403198,121.0543056,28.60382663
Reservoir 295,121.4274204,28.37435001,121.4268409,28.3729271
Reservoir 296,106.3515,24.06025,106.3503702,24.06012977
Reservoir 296,106.3540765,24.05361055,106.35625,24.0535
Reservoir 296,106.3555244,24.05242616,106.3527392,24.05285891
Reservoir 296,106.3482961,24.05213339,106.3480255,24.05336797
Reservoir 296,106.3594995,24.04704598,106.360255,24.04565579
Reservoir 296,106.3727578,24.03077354,106.3733432,24.0307085
Reservoir 296,106.417913,23.9918589,106.416125,23.99115602
Reservoir 296,106.4143287,23.99101444,106.4137012,23.99146416
Reservoir 296,106.4163063,23.98572041,106.4152391,23.98538799
Reservoir 296,106.4136411,23.97918837,106.41475,23.979
Reservoir 296,106.0657923,23.89086261,106.0647785,23.89031171
Reservoir 296,106.470175,23.92722438,106.4705,23.927
Reservoir 296,106.4518911,23.9583589,106.4521772,23.95905783
Reservoir 296,106.4658048,23.96811797,106.465132,23.96636797
Reservoir 296,106.4696811,23.96478275,106.47175,23.9645
Reservoir 296,106.4571089,23.9646216,106.4561089,23.9658589
Reservoir 296,106.4407138,23.98498525,106.4413866,23.98294843
Reservoir 296,106.399395,24.11399541,106.3993691,24.11464954
Reservoir 297,109.4673558,26.94645632,109.4674817,26.94679815
Reservoir 297,109.3813775,26.8666225,109.380115,26.86601
Reservoir 298,85.51211171,42.33064039,85.51138829,42.32985961
Reservoir 299,96.81375,39.854,96.8133607,39.8543607
Reservoir 299,96.831,39.84325,96.83114601,39.84362985
Reservoir 300,110.9442864,23.39074857,110.9423725,23.3901275
Reservoir 300,110.7798499,23.47335745,110.7776978,23.47472619
Reservoir 300,110.814868,23.43836797,110.8140588,23.43865831
Reservoir 300,110.8463657,23.4003657,110.8460748,23.40227477
Reservoir 300,110.9623699,23.4141288,110.9623891,23.41364455
Reservoir 300,111.0776313,23.44369469,111.07875,23.4435
Reservoir 300,111.1868279,23.42637674,111.1878589,23.42714109
Reservoir 301,100.39575,24.0925,100.3956267,24.09010617
Reservoir 302,112.8564459,27.14463121,112.8571122,27.14461761
Reservoir 302,112.6343657,26.86986569,112.63675,26.86975
Reservoir 302,112.7908254,27.08161118,112.790575,27.07959801
Reservoir 303,109.9948967,33.06365078,109.9933783,33.06431875
Reservoir 303,110.0118242,33.02334341,110.0118814,33.02295661
Reservoir 304,101.125,26.3625,101.1251225,26.3606225
Reservoir 304,101.4585,26.48575,101.4588657,26.48674585
Reservoir 305,101.4876387,37.23682283,101.4872023,37.23777354
Reservoir 306,109.2821275,24.4913725,109.2835883,24.4918725
Reservoir 306,109.31775,24.44175,109.3180089,24.44242354
Reservoir 306,109.33875,24.369,109.3390218,24.36977556
Reservoir 307,109.9185,27.1435,109.9190166,27.14437024
Reservoir 308,118.0468989,25.93610269,118.0468687,25.93534057
Reservoir 308,118.0081456,25.91511236,118.0086633,25.91385266
Reservoir 308,118.0091355,25.90636076,118.0088888,25.90411117
Reservoir 309,83.03392438,43.78987125,83.03262024,43.79012023
Reservoir 309,82.90375,43.8535,82.9038843,43.8538657
Reservoir 309,82.89325,43.853,82.89361454,43.85345523
Reservoir 309,82.902,43.84675,82.9021157,43.8468843
Reservoir 310,100.4360799,26.98906435,100.434946,26.99211589
Reservoir 311,100.5496275,22.5503775,100.5510111,22.54990393
Reservoir 312,103.7734579,34.77130733,103.7724471,34.77140677
Reservoir 313,89.10114572,47.07062204,89.10087259,47.07062759
Reservoir 313,88.98975,47.2265,88.98995422,47.22679578
Reservoir 313,88.9335,47.1555,88.93361118,47.15563882
Reservoir 313,88.93075,47.1155,88.93085211,47.11564789
Reservoir 313,88.97575,47.08025,88.97586797,47.08038202
Reservoir 313,89.053,47.0475,89.05355664,47.04836664
Reservoir 314,108.4230402,24.05632047,108.4244525,24.05727777
Reservoir 314,108.4149686,24.10565527,108.415777,24.10691395
Reservoir 315,116.6117829,27.64741495,116.6123517,27.64862023
Reservoir 315,116.62875,27.71975,116.6288979,27.72010211
Reservoir 315,116.601,27.6945,116.6011202,27.69462977
Reservoir 316,111.134645,28.87910696,111.13575,28.8775
Reservoir 317,111.40975,39.49325,111.4096259,39.49413882
Reservoir 318,106.9971274,25.4508775,106.9973854,25.45008276
Reservoir 318,106.5189465,25.06824191,106.51975,25.068
Reservoir 318,106.2232007,25.02297913,106.2231067,25.02455737
Reservoir 318,106.1718701,24.76198505,106.170907,24.75942181
Reservoir 318,107.0323223,25.02613934,107.03425,25.026
Reservoir 319,104.5849446,23.05046017,104.5850636,23.05111452
Reservoir 320,104.8926012,33.0406984,104.8928144,33.04027196
Reservoir 321,102.8544696,22.74345579,102.8538742,22.74381173
Reservoir 322,102.8543948,23.23,102.8543552,23.231
Reservoir 323,124.72925,49.07925,124.7294615,49.07842595
Reservoir 323,124.7031108,48.90764233,124.7026106,48.90380573
Reservoir 323,124.6288634,48.62636346,124.6305,48.62625
Reservoir 323,124.5449203,48.51312518,124.5475,48.513
Reservoir 323,124.95675,49.17075,124.9571578,49.17125919
Reservoir 323,125.0251476,49.16715926,125.0240861,49.16632791
Reservoir 323,125.0311754,49.16110222,125.0299954,49.15927492
Reservoir 323,125.0436788,49.14982754,125.0439286,49.14813734
Reservoir 323,125.0234307,49.15951553,125.0208047,49.16244331
Reservoir 323,125.000009,49.15989229,124.9983006,49.16009531
Reservoir 323,125.0344176,49.14112257,125.0365,49.141
Reservoir 323,125.0453691,49.1431172,125.044632,49.14242702
Reservoir 323,124.9324123,49.17642222,124.931211,49.17806672
Reservoir 323,125.0241202,49.17837977,125.023824,49.1777521
Reservoir 323,125.0226021,49.18163439,125.0218401,49.1826176
Reservoir 323,125.01825,49.1835,125.0185331,49.18427107
Reservoir 323,124.9545,49.1765,124.9547741,49.17718202
Reservoir 324,100.4091225,23.9443775,100.408795,23.94169774
Reservoir 324,100.0737773,23.19016522,100.07475,23.19
Reservoir 324,100.2978657,22.94838428,100.2974434,22.9478941
Reservoir 324,100.25075,22.64575,100.2515428,22.64663733
Reservoir 324,100.2514785,22.63861572,100.2500781,22.63783435
Reservoir 324,100.6124878,22.88499207,100.6100706,22.88537256
Reservoir 325,108.3362984,28.67622015,108.332944,28.6770379
Reservoir 326,102.6405071,29.33681965,102.6409244,29.33617347
Reservoir 326,102.42975,29.254,102.4298828,29.25436997
Reservoir 327,107.874875,27.55013266,107.873375,27.55010205
Reservoir 328,120.691,29.788,120.6916275,29.7878775
Reservoir 328,120.782,29.845,120.782118,29.84513203
Reservoir 328,120.777,29.83,120.7775932,29.83090622
Reservoir 329,105.6913702,32.36762023,105.6919437,32.36737977
Reservoir 329,105.6961298,32.34262977,105.6968702,32.34223797
Reservoir 330,110.2981799,27.53195229,110.29875,27.5325
Reservoir 330,110.1595,27.36025,110.159618,27.36038203
Reservoir 330,110.145,27.3555,110.1451134,27.35563657
Reservoir 331,79.42551234,36.71638019,79.42456475,36.7171225
Reservoir 332,91.9070111,29.99250194,91.90496326,29.99072582
Reservoir 333,103.90975,24.383,103.909995,24.383255
Reservoir 334,101.3924468,23.09678346,101.3918702,23.09537976
Reservoir 335,103.9176354,28.63461931,103.9185228,28.63398844
Reservoir 335,103.95475,28.59975,103.9552796,28.60036475
Reservoir 336,87.15303503,48.0187187,87.15493606,48.01502841
Reservoir 337,112.44075,34.915,112.440572,34.91591186
Reservoir 337,112.453,34.91825,112.4531985,34.91881637
Reservoir 337,112.498,34.915,112.4981021,34.91514789
Reservoir 338,82.53902347,43.28464128,82.53762976,43.28512977
Reservoir 338,82.2675,43.24125,82.26769615,43.24149494
Reservoir 338,82.25175,43.24025,82.25201939,43.24089139
Reservoir 338,82.21775,43.236,82.21798593,43.23626406
Reservoir 338,82.26025,43.242,82.26036343,43.24213657
Reservoir 338,82.18125,43.2255,82.18142386,43.22629711
